text,clase,
"""Universidad de Buenos Aires - Facultad de Derecho CERTIFICADO DE EXAMEN Nombre: Marcos E. Giménez DNI 33.456.789 Carrera: Abogacía Materia: Derecho Laboral  Fecha de examen: 15/08/2024 Turno: Noche Tipo: Primer llamado Validez: Para justificar inasistencia laboral """,Estudios,
"""Universidad Tecnológica Nacional - Facultad Regional Haedo CERTIFICADO DE EXAMEN FINAL Alumno: Ana L. Ruiz DNI 35.678.901 Carrera: Ingeniería Electrónica Materia: Circuitos Digitales (Código: EL-307) Fecha: 22/09/2024 Modalidad: Presencial  ",Estudios,
"""Instituto Nacional Superior del Profesorado Técnico CERTIFICADO DE EXAMEN Nombre: Carlos D. Sosa DNI 30.987.654 Carrera: Prof. en Electromecánica Materia: Termodinámica Aplicada Fecha: 05/11/2024 Calificación: Aprobado Observaciones: Examen escrito con defensa oral Válido para justificación laboral """,Estudios,
"""Universidad Nacional de Córdoba - Facultad de Ciencias Económicas CERTIFICADO DE RENDIMIENTO Alumno: Lucía M. Fernández DNI 34.123.876 Carrera: Contador Público Materia: Impuestos II Fecha: 10/07/2024  Tipo: Recuperatorio  Firma: Dr. Pablo Herrera""",Estudios,
"""Instituto Superior de Técnicas Bancarias (ISTB) CERTIFICADO DE EXAMEN ESPECIAL Nombre: Diego A. Ríos DNI 32.456.321 Carrera: Tec. en Finanzas Materia: Análisis de Riesgo Crediticio Fecha: 28/08/2024  Validez: Para presentación ante empleadores """,Estudios,
"""Universidad Nacional de La Plata - Facultad de Informática CERTIFICADO DE EXAMEN LIBRE Alumno: Patricia N. López DNI 36.789.123 Carrera: Lic. en Sistemas Materia: Base de Datos Avanzadas Fecha: 12/12/2024 """,Estudios,
"""Escuela Superior de Enfermería Cecilia Grierson CERTIFICADO DE EXAMEN Nombre: Florencia P. Martínez DNI 38.654.987 Carrera: Enfermería Universitaria Materia: Emergentología Fecha: 03/10/2024 Turno: Mañana ",Estudios,
"""Universidad Nacional de Rosario - Facultad de Ingeniería CERTIFICADO DE EXAMEN Alumno: Juan P. Olmedo DNI 31.234.567 Carrera: Ing. Civil Materia: Estabilidad II Fecha: 19/09/2024""",Estudios,
"""Instituto Superior de Gastronomía Gato Dumas CERTIFICADO DE EXAMEN PRÁCTICO Nombre: Sofía R. Vega DNI 39.876.543 Carrera: Tec. en Cocina Profesional Materia: Pastelería Avanzada Fecha: 25/11/2024  """,Estudios,
"""Universidad Nacional de San Martín - Escuela de Economía CERTIFICADO DE EXAMEN Nombre: Lucas G. Molina DNI 37.890.123 Carrera: Economía Materia: Macroeconomía III Fecha: 08/08/2024 Modalidad: Escrito Nota: 7 (siete) Sello UNSAM""",Estudios,
"""Conste que el/la alumno/a N°40060824 señor/ita Natalia Gutierrez ha concurrido a esta Facultad en el dia de la fecha a efectos de rendir examen parcial/final de la asignatura Base de datos. A pedido del/la alumno/a se extiende esta constancia a los 3 dias del mes de mayo del año 2025""",Estudios,
"""El profesor de la asignatura: Base de datos de la carrera: Tecnicatura Universitaria en Informatica que se dicta en certifica que: Natalia Gutierrez ha rendido examen PARCIAL /FINAL en el dia de la fecha. A pedido del interesado y al solo efecto de ser presentado ante las autoridades que lo soliciten, se expide el presente que sella y firma en la ciudad de La Plata, a los 7 dias del mes de mayo del año 2025""",Estudios,
"""Solicitud de constancia de examen: Se deja constancia de que el/la alumno/a Natalia Gutierrez dni 40060824 el dia 7 de mayo ha rendido examen PARCIAL FINAL de la materia Base de datos correspondiente a la carrera de Licenciatura en Sistemas en la sede de Capital. Se extiende esta constancia a pedido del interesado, para ser presentado ante las autoridades correspondientes.""",Estudios,
"""Universidad Nacional de La Matanza. San justo, 7/10/2025 Solicitud de constancia de asistencia a examen (valido 60 dias). Dejase constancia de que el/la alumno/a: Nombre y Apellido: Daddino Sabrina Soledad , Nro Documento: 36070453 ha rendido examen parcial/final de la asignatura: 00531-PSICOLOGIA DE LA EDUCACION (el dia 7 de mayo a las 18hs, en el aula 7132. Se extiende la presente constancia a pedido del interesado/a para ser presentada ante las autoridades correspondientes. """,Estudios,
"""Constancia de presentacion a examen. El/La profesor/a que suscribe la presente CERTIFICA que el/la sr/sra Natalia Gutierrez, estudiante regular de la carrera Sistemas con el Legajo N° 40060824 concurrio en el dia de la fecha a rendir el examen PARCIAL / FINAL de la asignatura Base de Datos que esta a su cargo. A pedido del interesado/a y al solo efecto de ser presentado ante quien corresponda, se extiende la presente constancia en la ciudad de Luján, Provincia de Buenos Aires, a los 7 dias del mes de mayo del año 2025.""",Estudios,
"""Constancia de Examen Final: Apellido y Nombre: JIMENEZ FERRER CARLOS ALBERTO Identificacion: DNI 95879762 por la presente se certifica que la persona cuyos datos se citan anteriormente se presento a rendir el siguiente examen: Propuesta (R) Ingenieria Electronica Actividad: Ingenieria y Sociedad Fecha de examen: 12/01/2021 Ubicacion: campus. Se extiende  la presente constancia a pedido del interesado para ser presentada ante JEFE DE DEPARTAMENTO en CABA- Ciudad Autonoma de Buenos Aires., Ciudad Autonoma de Buenos Aires a los 14 dias del mes de enero de 2021.""",Estudios,
"""Constancia de Examen Se deja constancia de que el alumno: Natalia Gutierrez, con DNI N° 11222333, rindio examen en la materia: Organizacion del Computador comision N°2020, con fecha 8/06/2020 dictada por el docente Leandro Dickenstein. Se extiende el presente a las autoridades pertinentes, a las cuales deba ser presentado.""",Estudios,
"""REGISTRO CIVIL NACIMIENTOS ACTA N° 98765-2024 INSCRIPCIÓN N° 12345 FECHA 20/05/2024 LIBRO 10 FOLIO 456 APELLIDO Y NOMBRES: MARTÍNEZ LUCÍA BELÉN SEXO: FEMENINO FECHA DE NACIMIENTO: 15/05/2024 HORA: 03:15 LUGAR: HOSPITAL ITALIANO DE BUENOS AIRES PADRE: MARTÍNEZ CARLOS DNI 28.345.678 MADRE: FERNÁNDEZ MARÍA DNI 30.456.789 JUEZ DE PAZ: DR. JUAN """,Nacimiento,
"""REGISTRO CIVIL DE VILLA MARÍA ACTA DE NACIMIENTO N° 345/2024 FECHA DE REGISTRO: 12/04/2024 LIBRO 3A FOLIO 78 APELLIDO Y NOMBRES: RODRÍGUEZ TOMÁS IGNACIO SEXO: MASCULINO FECHA NACIMIENTO: 05/04/2024 HORA: 14:30 LUGAR: CLÍNICA PRIVADA SANTA MARÍA PADRE: RODRÍGUEZ PABLO DNI 33.567.890 MADRE: LÓPEZ ANA DNI 32.456.789 TESTIGO 1: GÓMEZ LUIS DNI 25.678.901 TESTIGO 2: SÁNCHEZ CARLA DNI 27.789.012  DR. FEDERICO GUTIÉRREZ """,Nacimiento,
""" REGISTRO CIVIL DE GUAYMALLÉN ACTA DE NACIMIENTO N° 7890-2024 INSCRIPCIÓN TARDÍA N° 234 FECHA DE TRAMITE: 22/06/2024 LIBRO 12 FOLIO 90 APELLIDO Y NOMBRES: LÓPEZ MATEO JAVIER SEXO: MASCULINO FECHA DE NACIMIENTO: 10/01/2020 LUGAR: DOMICILIO PARTICULAR CALLE SAN MARTÍN 123 PADRE: LÓPEZ ROBERTO DNI 29.678.901 MADRE: DÍAZ JULIETA DNI 31.789.012 DECLARACIÓN JURADA PRESENTADA EL 15/06/2024 POR: DRA. MARÍA INÉS SUÁREZ  """,Nacimiento,
"""REGISTRO CIVIL ROSARIO ACTA DE NACIMIENTO N° 4567-2024 INSCRIPCIÓN N° 890 FECHA DE REGISTRO: 18/07/2024 LIBRO 7B FOLIO 234 APELLIDO Y NOMBRES: FERNÁNDEZ VALENTINA LUCÍA SEXO: FEMENINO FECHA DE NACIMIENTO: 10/07/2024 HORA: 08:45 LUGAR: HOSPITAL PROVINCIAL SANTA FE PADRE: FERNÁNDEZ DIEGO DNI 30.123.456 MADRE: ROMERO CARLA DNI 32.234.567 TESTIGO 1: GIMÉNEZ PABLO DNI 25.345.678 TESTIGO 2: PERALTA SOFÍA DNI 27.456.789 DR. MARTÍN RIVERA """,Nacimiento,
""" REGISTRO CIVIL CAPITAL ACTA EXPRESS N° 1122-2024 INSCRIPCIÓN N° 334 FECHA DE REGISTRO: 05/08/2024 LIBRO 1C FOLIO 55 APELLIDO Y NOMBRES: ARIAS JOAQUÍN MATEO SEXO: MASCULINO FECHA DE NACIMIENTO: 01/08/2024 HORA: 22:30 LUGAR: CLÍNICA TUCUMÁN PADRE: ARIAS LUIS DNI 31.567.890 MADRE: MORALES FLORENCIA DNI 33.678.901 TRÁMITE EXPRESS RESOLUCIÓN 345/2024 DRA. ANA LÍA GÓMEZ """,Nacimiento,
""" embarazo emitido por el Hospital Argerich. La paciente María Laura Gómez, DNI 32.456.789, de 28 años, se encuentra embarazada con fecha de última menstruación el 15/05/2024 y fecha probable de parto el 22/02/2025. Actualmente cursa 12 semanas de gestación con control prenatal normal. Firmado por el Dr. Luis Fernández""",Maternidad,
"""La Clínica Privada Santa Isabel, certifica que la paciente Carla Daniela Martínez, DNI 30.987.654, de 31 años, tiene una fecha probable de parto el 10/03/2025 y se encuentra en la semana 20 de gestación. Se indica licencia prenatal a partir del 10/02/2025 (8 semanas previas al parto), según normativa laboral vigente. Diagnóstico: embarazo único sin complicaciones.  Dra. Ana López.""",Maternidad,
"""El Servicio de Obstetricia del Hospital Italiano de Buenos Aires certifica que la paciente Laura Beatriz Sosa, DNI 33.456.789, de 30 años, se encuentra en la semana 28 de gestación, con fecha probable de parto estimada para el 15/11/2024. Los controles prenatales muestran evolución normal sin complicaciones. Se recomienda iniciar licencia laboral a partir del 01/10/2024 (45 días previos al parto).  Dra. Carla Méndez""",Maternidad,
"""La Clínica Privada Madre y Niño,  informa que la paciente Valeria Romina López, DNI 34.567.890, de 32 años, espera gemelos con fecha probable de parto el 10/12/2024. Por tratarse de un embarazo múltiple, se autoriza licencia prenatal extendida desde el 25/10/2024 (6 semanas adicionales según Ley 20.744). Control ecográfico normal. Dr. Martín Greco""",Maternidad,
""" por embarazo que la Sra. Gomez de 25 años DNI N° 32456765 se encuentra embarazada de 14 semanas de gestacion, con fecha probable de parto para el 4 de mayo de 2025. FUM: el 2 de febrero de 2025 Para ser presentado en el Colegio Odontologico de la Provincia de Cordoba""",Maternidad,
"""El Centro de Salud Dr. Ramón Carrillo  que la paciente Ana Lucía Torres, DNI 29.876.543, de 27 años, con fecha probable de parto el 20/01/2025, requiere reposo laboral anticipado desde el 01/12/2024 debido a diagnóstico de hipertensión gestacional (control ecográfico y laboratorio adjuntos). Licencia autorizada por resolución 345/2024 del Ministerio de Salud. Dra. Silvia Rojas """,Maternidad,
"""Hospital Nacional Prof. Dr. Alejandro Posadas  que la paciente María Soledad González, DNI 32.456.789, concurrió a control prenatal el 15/08/2024 en el Servicio de Obstetricia. Se realizó control clínico, ecografía obstétrica y laboratorio. Próximo control: 15/09/2024. Firma: Dra. Laura Fernández """,Control_prenatal,
"""Hospital Italiano de Buenos Aires - Servicio de Tocoginecología constata que la paciente Carla Daniela López, DNI 30.987.654, asistió a control prenatal el 10/08/2024 (semana 24 de gestación). Fecha Probable de Parto: 10/11/2024. Se indicó suplementación con hierro y ácido fólico. Próxima visita: 07/09/2024.  Dr. Juan Pérez """,Control_prenatal,
"""El Hospital General de Agudos Dr. Carlos G. Durand - División Obstetricia certifica control prenatal de alto riesgo de la paciente Ana Luz Martínez, DNI 28.765.432, el 05/08/2024. Diagnóstico: Diabetes Gestacional (estudio OGTT positivo). Se programó control multidisciplinario para el 20/08/2024.  Dra. Sofía Ríos """,Control_prenatal,
"""La Clínica Modelo de Morón, ubicada en Bartolomé Mitre 123, Morón, constata que la paciente Camila Valentina Castro, DNI 34.567.890, concurrió a control de embarazo el 14/08/2024 (semana 16). Se administró vacuna antigripal y se indicó suplementación con hierro. Fecha Probable de Parto: 15/01/2025. Próxima consulta: 11/09/2024 en el Consultorio 5.  Dr. Pablo Ruiz """,Control_prenatal,
"""La Clínica y Maternidad Santa Isabel, ubicada en Av. Santa Fe 4567, CABA, que la paciente Florencia Beatriz Rojas, DNI 33.456.789, asistió a control prenatal el 12/08/2024 en la semana 20 de gestación. Se realizó ecografía Doppler y perfil bioquímico completo, con resultados dentro de parámetros normales. Próximo control: 09/09/2024 con el Dr. Gustavo Méndez. Dra. Laura Torres """,Control_prenatal,
"""Clínica Privada San Camilo - Servicio de Traumatología  15/08/2024 Paciente: Juan Carlos Giménez DNI 28.345.678 Edad: 32 años Empresa: Logística S.A. Legajo: 5678 Tipo de Accidente: Caída de altura (2 metros) desde plataforma de carga. Diagnóstico: Fractura cerrada de tibia y peroné derecho . Tratamiento Inmediato: Inmovilización yeso y analgesia. Se deriva al Hospital Argerich para intervención quirúrgica. Incapacidad Laboral: 60 días.  Dr. Luis Moreno ART Cubre: Sí (N° Póliza 78901234) Notificado a ART: 15/08/2024 14:30 hs""",Accidente_trabajo,x
"""Hospital General de Agudos Dr. Teodoro Álvarez Certificado de Extensión  Fecha: 10/09/2024 Paciente: Carla Daniela Morales DNI 30.456.789 Edad: 29 años Empresa: Textiles Argentinos S.R.L. Legajo: 1234 Accidente: Quemadura térmica grado II en mano izquierda por contacto con vapor  Control Evolutivo: Persiste limitación motriz y requerimiento de curaciones diarias. Incapacidad Extendida: 15 días adicionales (hasta 25/09/2024).Dra. Ana López ART: Seguros Rivadavia (N° Póliza 56789012) Estado: Trámite de rehabilitación kinésica aprobado""",Accidente_trabajo,
"""Centro Médico ART Proteger   Alta N° 1122/2024 Fecha: 20/09/2024 Paciente: Marcos Ezequiel Ruiz DNI 33.567.890 Edad: 40 años Empresa: Construcciones Norte S.A. Legajo: 8901 Accidente: Lesión lumbar por esfuerzo repetitivo  Alta Médica: 20/09/2024 con secuelas (20% incapacidad permanente parcial). Indicaciones: Kinesiología 3 veces/semana por 3 meses. Reincorporación Laboral: Tareas livianas (sin carga de peso).: Dr. Pablo Sosa  Junta Médica: """,Accidente_trabajo,
"""Clínica Privada Santa Isabel  Accidente Laboral Fecha: 15/08/2024 Paciente: Carlos Alberto Méndez DNI 28.345.678 Edad: 38 años Empresa: Constructora Sudamericana S.A. Legajo: 12345 Tipo de Accidente: Caída de andamio a 3 metros de altura en obra de Av. Corrientes 1200, CABA Diagnóstico: Fractura de húmero izquierdo Tratamiento: Inmovilización yeso y cirugía programada Incapacidad Laboral: 45 días Notificación ART: Aseguradora del Trabajo (Póliza 33445566) el 15/08/2024 11:20 hs Dr. Julio """,Accidente_trabajo,
"""Hospital Italiano de Buenos Aires  Enfermedad Profesiona Fecha: 20/08/2024 Paciente: Laura Beatriz Ríos DNI 32.456.789 Edad: 45 años Empresa: Metalúrgica Industrial S.R.L. Legajo: 6789 Antigüedad: 12 años Tipo: Hipoacusia bilateral por exposición a ruido (Listado SRT 6/2015) Diagnóstico: Pérdida auditiva de 40dB en frecuencias agudas Estudios: Audiometría del 10/08/2024 Incapacidad: Permanente parcial del 15% Reubicación Laboral: Exigida (área sin exposición a ruido) ART: Swiss Medical (Póliza 77889900) Trámite SRT: Iniciado el 18/08/2024 Dra. Ana López  """,Accidente_trabajo,
"""Consultorio Médico Dra. Laura Fernández -   Fecha: 15/08/2024 - Paciente: Juan Pablo Gómez - DNI 28.345.678 - Edad: 35 años - Diagnóstico: Cuadro de gripe con infección respiratoria alta  Tratamiento: Reposo domiciliario, hidratación y paracetamol 500mg cada 8 horas - Incapacidad Laboral: 3 días (del 15/08/2024 al 17/08/2024) - Control: Reevaluación el 18/08/2024 ",Enfermedad,
"""Hospital General de Agudos Dr. Carlos G. Durand - Servicio de Clínica Médica - Fecha: 20/08/2024 - Paciente: María Inés López - DNI 32.456.789 - Edad: 58 años - Diagnóstico: Hipertensión arterial descompensada  - Hallazgos: TA 160/95 mmHg, cefalea persistente - Estudios Solicitados: Analítica sanguínea y ECG - Incapacidad Laboral: 7 días (del 20/08/2024 al 26/08/2024) - Observaciones: Derivación a cardiología para ajuste terapéutico Dr. Carlos Méndez """,Enfermedad,
"""Clínica Privada San Jorge - Servicio de Traumatología  - Fecha: 25/08/2024 - Paciente: Roberto Carlos Sosa - DNI 30.987.654 - Edad: 42 años - Diagnóstico: Postoperatorio de hernia discal L4-L5 - Intervención: Discectomía lumbar realizada el 20/08/2024 - Indicaciones: Reposo absoluto, kinesiología a partir del 01/09/2024 - Incapacidad Laboral: 30 días (del 25/08/2024 al 23/09/2024) """,Enfermedad,
"""Certifico que Juan Carlos Pérez DNI 28.123.456 presenta cuadro gripal con fiebre. Reposo 2 días. Firma: Dr. López""",Enfermedad,
"""Paciente: Ana María García DNI 32.456.789. Dolor lumbar. Reposo 3 días. Control si persiste. Dra. Rodríguez""",Enfermedad,
"""Carlos Martínez DNI 30.789.123. Postoperatorio. Reposo 1 semana. Dr. Fernández """,Enfermedad,
""" matrimonio civil n° 4567-2024 - registro civil de la ciudad de buenos aires - fecha: 15/10/2024 - libro: 8b - folio: 34 - contrayentes: martínez, carlos alberto (dni 28.345.678) y gómez, ana laura (dni 30.456.789) - testigos: lópez, juan (dni 25.567.890) y fernández, maría (dni 27.678.901) - oficial: dr. pablo sánchez - juez de paz """,Casamiento,
"""matrimonio civil n° 789/2024 - registro civil de la plata - fecha: 20/10/2024 - libro: 4a - folio: 56 - contrayentes: rodríguez pérez, diego alejandro (dni 33.456.789) y suárez, valentina micaela (dni 34.567.890) - testigos: giménez, lucas (dni 29.678.901) y romero, carla (dni 31.789.012) - oficial: dra. julieta ríos - jueza de paz """,Casamiento,
""" matrimonio civil n° 1122-2024 - registro civil de rosario - fecha: 25/10/2024 - libro: 12 - folio: 78 - contrayentes: fernández, lucas (dni 35.678.901) y díaz, florencia (dni 36.789.012) - trámite express sin ceremonia - testigos: perez, roberto (dni 30.890.123) y gómez, sofía (dni 32.901.234) - oficial: dr. martín lópez - juez de paz """,Casamiento,
""" matrimonio civil n.º 4567-2024 - Registro Civil de la Ciudad de Buenos Aires - Fecha: 15/10/2024 - Libro: 8B - Folio: 34 - Contrayentes: Martínez, Carlos Alberto (DNI 28.345.678) y Gómez, Ana Laura (DNI 30.456.789) - Testigos: López, Juan (DNI 25.567.890) y Fernández, María (DNI 27.678.901) - Oficial: Dr. Pablo Sánchez - Juez de Paz  """,Casamiento,
"""matrimonio civil n.º 4689-2024 - Registro Civil de la Ciudad de Buenos Aires - Fecha: 22/11/2024 - Libro: 9A - Folio: 12 - Contrayentes: Ramírez, Lucía Belén (DNI 31.123.456) y Torres, Esteban Javier (DNI 29.654.321) - Testigos: Ríos, Natalia (DNI 26.789.012) y Acosta, Marcos (DNI 28.890.123) - Oficial: Dra. Verónica Pérez - Jueza de Paz""",Casamiento,
"""prematrimonial n.º 1234/2024 - Registro Civil de la Ciudad de Buenos Aires - Fecha: 01/09/2024 - Libro: TPM-8 - Folio: 56 - Solicitantes: Ramírez, Juan Manuel (DNI 30.456.789) y Fernández, Laura Belén (DNI 31.567.890) - Domicilios declarados: Av. Rivadavia 2345, CABA y Calle Defensa 4321, CABA - Se ha verificado: Capacidad legal para contraer matrimonio conforme artículos 404 a 414 del Código Civil y Comercial de la Nación. Ambos presentan DNI válido, edad mínima, estado civil libre y declaración jurada firmada. No existen impedimentos legales registrados. - Entrevista prematrimonial realizada el 30/08/2024. Se otorga turno para casamiento civil el día 20/09/2024 en sede central. - Oficial: Dra. Mariana López """,Tramite_prematrimonial,
""" cumplimiento de requisitos prematrimoniales n.º 5678/2024 - Registro Civil de La Plata - Fecha: 10/08/2024 - Libro: TPM-4 - Folio: 88 - Contrayentes: Suárez, Pablo Andrés (DNI 29.345.678) y Gómez, Camila Valentina (DNI 30.456.789) - Documentación presentada: partida de nacimiento actualizada, DNI vigente, constancia de domicilio y certificado de estado civil. - Entrevista individual realizada el 07/08/2024 conforme protocolo de validación de consentimiento libre e informado. Se confirma que no existen impedimentos legales para contraer matrimonio. Se autoriza asignación de turno matrimonial para el 28/08/2024 en sede 2 de La Plata. - Oficial: Dr. Esteban Ríos """,Tramite_prematrimonial,
""" trámite prematrimonial n.º 7812/2024 - Registro Civil de Rosario - Fecha: 05/09/2024 - Libro: TPM-10 - Folio: 22 - Solicitantes: González, Marcos Javier (DNI 27.890.123) y Rojas, Belén Mariana (DNI 28.901.234) - Documentación presentada en tiempo y forma, sin impedimentos legales constatados conforme a los artículos 406 y 409 del Código Civil y Comercial. Se realizaron entrevistas individuales y se confirmó consentimiento libre. Estado civil verificado mediante actas correspondientes. Turno asignado para ceremonia civil el día 25/09/2024 en sede central. - Oficial: Dra. Claudia Méndez""",Tramite_prematrimonial,
"""prematrimonial n.º 9021/2024 - Registro Civil de Córdoba Capital - Fecha: 12/08/2024 - Libro: TPM-5A - Folio: 40 - Contrayentes: Sosa, Florencia Natalia (DNI 32.123.456) y Torres, Nicolás Ezequiel (DNI 33.234.567) - Se ha presentado toda la documentación exigida por la Ley 26.413: DNI vigente, partida de nacimiento y declaración jurada de estado civil. Se realizó la entrevista prematrimonial según protocolo vigente. No se registran impedimentos legales. Matrimonio programado para el 01/09/2024 en delegación n.º 3. - Oficial: Dr. Héctor Gutiérrez """,Tramite_prematrimonial,
"""El Gobierno de la Provincia de Córdoba informa que el turno confirmado para matrimonio con número TURNO-CBA-112233 será el 20 de mayo de 2025 a las 09:00 AM en el Registro Civil de Córdoba, ubicado en Avenida General Paz 789. Los contrayentes son Juan Andrés Pérez, DNI 35.123.456, y María Lucía González, DNI 38.654.321. Se requiere la presencia 15 minutos antes del turno y llevar este comprobante impreso junto con los testigos y sus respectivos DNI.""",Tramite_prematrimonial,
"""El Registro Provincial de las Personas de la Provincia de Buenos Aires confirma el código de turno RP-987654 para casamiento, asignado para el 18 de mayo de 2025 a las 11:00 AM en el Registro Civil de La Plata, ubicado en Calle Principal 456, La Plata. Los contrayentes son Juan Pérez, DNI 35.123.456, y María González, DNI 38.654.321. Este turno debe ser confirmado al menos 48 horas antes, y es necesario presentarse con dos testigos mayores de edad que lleven DNI.""",Tramite_prematrimonial,
"""El Registro Civil y Capacidad de las Personas informa que el turno número 123456789 para matrimonio está programado para el día 15 de mayo de 2025 a las 10:30 AM en la sede de la Comuna 3, ubicada en Calle Ejemplo 123, Ciudad Autónoma de Buenos Aires. Los contrayentes son Juan Pérez, DNI 35.123.456, y María González, DNI 38.654.321. Presentarse con DNI original y copia, además del certificado de nacimiento actualizado.""",Tramite_prematrimonial,
"""requisitos prematrimoniales n.º 3456/2024 - Registro Civil de San Miguel de Tucumán - Fecha: 20/07/2024 - Libro: TPM-2 - Folio: 15 - Solicitantes: Herrera, Luis Matías (DNI 26.789.123) y Díaz, Melina Soledad (DNI 27.890.234) - Revisión completa de documentación: DNI, actas actualizadas y certificados médicos según normativa provincial. Ambas partes participaron en entrevista individual validando consentimiento libre. No se hallaron objeciones legales. Matrimonio autorizado para el 15/08/2024. - Oficial: Dra. Gabriela Quintana """,Tramite_prematrimonial,
"""Por medio de la presente, certifico que el/la paciente Juan Pérez, DNI 35.123.456, requiere asistencia permanente debido a una condición médica que le impide realizar actividades cotidianas de manera autónoma. Se sugiere que un familiar directo brinde soporte para garantizar su bienestar. Este certificado se emite a solicitud del interesado y tiene validez por 30 días""",Asistencia_familiar,
"""Certifico que la Sra. María González, DNI 38.654.321, ha sido sometida a un procedimiento quirúrgico mayor y requiere asistencia continua durante su proceso de recuperación, el cual se estima en 20 días a partir de la fecha. Recomiendo la presencia de un familiar que pueda colaborar en su cuidado y supervisión. Dr. Andrés Martínez""",Asistencia_familiar,
"""Se deja constancia de que el Sr. Carlos Gómez, DNI 25.987.654, padece una enfermedad crónica que requiere asistencia y supervisión diaria por parte de un familiar cercano. La necesidad de cuidados incluye administración de medicamentos, preparación de alimentos y ayuda en la movilidad. Este certificado tiene una validez de 90 días, sujeto a reevaluación.  Dra. Ana Rodríguez.""",Asistencia_familiar,
"""Certifico que el niño Pedro López, DNI 45.123.789, presenta una enfermedad infecciosa que requiere aislamiento y cuidados constantes por parte de un tutor legal. Se recomienda que uno de los padres o responsables esté presente durante el período estimado de recuperación, que es de 15 días.
 Dr. Hugo Torres""",Asistencia_familiar,
"""Por medio de la presente, hago constar que la Sra. Laura Fernández, DNI 31.456.789, necesita asistencia inmediata de un familiar debido a una complicación médica de carácter urgente que afecta su movilidad y autonomía. La duración del cuidado requerido será determinada tras una nueva evaluación en 7 días. Dr. Sofía Méndez""",Asistencia_familiar,
"""Se certifica que el Sr. Roberto Sánchez, DNI 40.567.890, se encuentra atravesando un proceso de rehabilitación física que requiere la asistencia de un familiar cercano para llevar a cabo actividades diarias como la movilización y el acceso a consultas médicas. Se estima que la necesidad de soporte se prolongará por un período de 15 días, sujeto a evaluación posterior. Dr. Verónica Álvarez, .""",Asistencia_familiar,
"""Por la presente, se informa que la Sra. Beatriz Herrera, DNI 29.876.543, padece una afección de salud que demanda cuidados especiales en su domicilio. Es imprescindible que un familiar directo la asista en la administración de tratamientos y otras actividades esenciales durante un lapso inicial de 30 días, el cual podrá ser extendido según evolución""",Asistencia_familiar,
"""Certifico que bajo el acta 256 tomo 3° folio 45 del año 2012 del libro de defunciones de la oficina de Quilmes se encuentra inscripta la defunción de Carlos Esteban López ocurrida el día 7 del mes de marzo del año 2012 a la hora 14:30, siendo de nacionalidad argentina, de sexo masculino, de 75 años de edad, de estado civil Viudo, de profesión carpintero, a consecuencia de insuficiencia cardíaca aguda, hijo de Antonio López y Marta Fernández. Doy fe que concuerda con el texto del acta expresada. A pedido de parte interesada, expedido el presente en mi carácter en Quilmes a los 08/03/12.""",Duelo,
" ""Bajo el acta 89 tomo 2° folio 12 del año 2015 del libro de defunciones de la oficina de San Isidro se encuentra inscripta la defunción de Sofía Ramírez ocurrida el día 25 del mes de noviembre del año 2015 a la hora 09:20, siendo de nacionalidad argentina, de sexo femenino, de 82 años de edad, de estado civil Soltera, de profesión jubilada, a consecuencia de neumonía severa, hija de Roberto Ramírez y Elena Ortiz. Doy fe que concuerda con el texto del acta expresada. A pedido de parte interesada, expedido el presente en mi carácter en San Isidro a los 26/11/15.""",Duelo,
"""Acta 300 tomo 5° folio 99 del año 2020 del libro de defunciones de la oficina de Mar del Plata se encuentra inscripta la defunción de Pedro Alfredo Giménez ocurrida el día 13 del mes de septiembre del año 2020 a la hora 21:10, siendo de nacionalidad argentina, de sexo masculino, de 68 años de edad, de estado civil Casado, de profesión comerciante, a consecuencia de accidente cerebrovascular isquémico, hijo de Miguel Giménez y Laura Fernández. Doy fe que concuerda con el texto del acta expresada. A pedido de parte interesada, expedido el presente en mi carácter en Mar del Plata a los 14/09/20.",Duelo,
"""Clínica San Miguel Fecha: 22 de octubre de 2024 Certifico que el Sr. Carlos González, DNI 18.234.567, ha tenido el fallecimiento de su esposa, la Sra. Rosa González, ocurrido el 21 de octubre de 2024. Según el artículo 79° del Convenio Colectivo de Trabajo de Comercio, el Sr. González tiene derecho a una licencia por duelo de 6 días corridos, comenzando el 22 de octubre de 2024. Es indispensable presentar la partida de defunción para poder gestionar la licencia. Firma: Dra. Silvia Rodríguez Matrícula: 9876543 Sello de la Clínica: Clínica San Miguel - Tel. 6543-7890""",Duelo,
"""El acta 450 tomo 6° folio 70 del año 2018 del libro de defunciones de la oficina de Moreno se encuentra inscripta la defunción de María del Carmen Suárez ocurrida el día 10 del mes de abril del año 2018 a la hora 18:45, siendo de nacionalidad argentina, de sexo femenino, de 79 años de edad, de estado civil Divorciada, de profesión ama de casa, a consecuencia de complicaciones respiratorias crónicas, hija de José Suárez y Carmen Martínez. Doy fe que concuerda con el texto del acta expresada. A pedido de parte interesada, expedido el presente en mi carácter en Moreno a los 11/04/18.""",Duelo,
"""Certifico que bajo el acta 100 tomo 1° folio 10 del año 2010 del libro de defunciones de la oficina de Bahía Blanca se encuentra inscripta la defunción de Julián Alejandro Torres ocurrida el día 5 del mes de junio del año 2010 a la hora 07:30, siendo de nacionalidad argentina, de sexo masculino, de 90 años de edad, de estado civil Viudo, de profesión ingeniero, a consecuencia de paro cardiorrespiratorio no traumático, hijo de Manuel Torres y Ana González. Doy fe que concuerda con el texto del acta expresada. A pedido de parte interesada, expedido el presente en mi carácter en Bahía Blanca a los 06/06/10.""",Duelo,
"""Aacta 200 tomo 4° folio 55 del año 2019 del libro de defunciones de la oficina de La Plata se encuentra inscripta la defunción de Rosa Beatriz Mendoza ocurrida el día 30 del mes de agosto del año 2019 a la hora 12:15, siendo de nacionalidad argentina, de sexo femenino, de 64 años de edad, de estado civil Casada, de profesión docente, a consecuencia de insuficiencia respiratoria aguda, hija de Francisco Mendoza y Juana López. Doy fe que concuerda con el texto del acta expresada. A pedido de parte interesada, expedido el presente en mi carácter en La Plata a los 31/08/19""",Duelo,
"""Libro de defunciones de la oficina de Avellaneda se encuentra inscripta la defunción de Enrique Raúl Pérez ocurrida el día 20 del mes de febrero del año 2017 a la hora 16:50, siendo de nacionalidad argentina, de sexo masculino, de 58 años de edad, de estado civil Soltero, de profesión administrativo, a consecuencia de un infarto agudo de miocardio, hijo de Raúl Pérez y Beatriz Romero. Doy fe que concuerda con el texto del acta expresada. A pedido de parte interesada, expedido el presente en mi carácter en Avellaneda a los 21/02/17.""",Duelo,
"""Certifico que bajo el acta 310 tomo 7° folio 95 del año 2014 del libro de defunciones de la oficina de San Fernando se encuentra inscripta la defunción de Roberto Luis Fernández ocurrida el día 3 del mes de octubre del año 2014 a la hora 20:10, siendo de nacionalidad argentina, de sexo masculino, de 82 años de edad, de estado civil Casado, de profesión contador, a consecuencia de complicaciones derivadas de diabetes, hijo de Luis Fernández y María Gómez. Doy fe que concuerda con el texto del acta expresada. A pedido de parte interesada, expedido el presente en mi carácter en San Fernando a los 04/10/14.""",Duelo,
"""acta 400 tomo 8° folio 110 del año 2023 del libro de defunciones de la oficina de Tigre se encuentra inscripta la defunción de Mónica Isabel Ruiz ocurrida el día 15 del mes de mayo del año 2023 a la hora 10:00, siendo de nacionalidad argentina, de sexo femenino, de 72 años de edad, de estado civil Divorciada, de profesión comerciante, a consecuencia de insuficiencia renal crónica, hija de Fernando Ruiz y Clara Ortiz. Doy fe que concuerda con el texto del acta expresada. A pedido de parte interesada, expedido el presente en mi carácter en Tigre a los 16/05/23.""",Duelo,
"""Hospital de Hemoterapia Buenos Aires Fecha: 15 de octubre de 2024 Certifico que el Sr. Luis Fernández, DNI 20.345.678, realizó una donación voluntaria de sangre en nuestra institución el día 14 de octubre de 2024.  Dra. Verónica Pérez Matrícula: 7896543 Sello del Hospital: Hospital de Hemoterapia Buenos Aires""",Donacion_sangre,
"""Centro de Donación de Sangre La Paz Fecha: 16 de octubre de 2024 Certifico que la Sra. Ana González, DNI 23.456.789, ha realizado una donación de sangre en nuestra unidad el 15 de octubre de 2024.  Lic. Pablo Martínez Matrícula: 9638527 Sello del Centro: Centro de Donación de Sangre La Paz """,Donacion_sangre,
"""Banco de Sangre Santa María Fecha: 17 de octubre de 2024 Certifico que el Sr. Javier Ruiz, DNI 21.234.567, ha efectuado una donación de sangre el día 16 de octubre de 2024 en nuestra institución. Según lo estipulado en el artículo 82° del Convenio Colectivo de Trabajo de Comercio, el Sr. Ruiz tiene derecho a un día de licencia laboral por esta donación.Dra. Laura Fernánde Banco de Sangre Santa María""",Donacion_sangre,
"Instituto de Hemoterapia Fundación Vida Fecha: 18 de octubre de 2024 Certifico que la Sra. Marta López, DNI 19.876.543, ha realizado una donación de sangre en nuestro instituto el 17 de octubre de 2024.  Dr. Ricardo Sánchez Matrícula: 3216549 Sello del Instituto: Instituto de Hemoterapia Fundación Vida""",Donacion_sangre,
"""Hospital de Pediatria  S.A.M.I.C Constancia de concurrencia: Se deja constancia que Julian Ariel de Jesus, dni 50764124 concurrio a donar sangre en el dia de la fecha. Buenos Aires 27 de 7 de 2017""",Donacion_sangre,
"""Instituo de Hemoterapia  - Certificado de donacion de sangre - Donacion n°3564 , donante: Duprat Gustavo Oscar - Repector: Adatti Juan Carlos - Solicitado por: Romero (Alejandro Korn) Hospital. La Plata 05/06/2016 - Certificado Laboral""",Donacion_sangre,
"""Registro Nacional de las Personas – Ministerio del Interior CONSTANCIA DE CAMBIO DE DOMICILIO Se certifica que la Sra. Romina Beatriz Ledesma, DNI 31.234.567, ha efectuado el cambio de domicilio en el Documento Nacional de Identidad con fecha 18 de marzo de 2025, registrando como nueva residencia la dirección: Calle 25 de Mayo 1432, 2° B, San Miguel, Buenos Aires. Esta constancia se emite para fines administrativos y legales. Sello RENAPER Firma: Lic. Marta López – Oficial del Registro""",Mudanza,
"""CONTRATO DE LOCACIÓN DE VIVIENDA Entre el Sr. Federico L. Martínez, DNI 29.876.543, y el Sr. Carlos J. Gómez, DNI 25.432.198, se celebra contrato de locación por el inmueble sito en Av. Corrientes 2718, CABA, a partir del 1 de abril de 2025, por un plazo de 24 meses. El inquilino declara que se trasladará a dicho domicilio con fecha 30 de marzo de 2025, en carácter de vivienda permanente.  inmobiliaria: LP Propiedades .""",Mudanza,
"""Escribanía N° 421 – CABA ACTA DE ESCRITURA N° 0145/2025 Se certifica que con fecha 12 de marzo de 2025, el Sr. Iván Gabriel Rossi, DNI 28.765.432, ha adquirido la propiedad ubicada en Pasaje Mármol 742, Lanús Este, Buenos Aires, según consta en la escritura pública labrada ante mí, Escribano Pablo Aguirre, matrícula 2145 CABA. La posesión del inmueble fue entregada el 15 de marzo de 2025, y el comprador ha informado su traslado inmediato a dicha vivienda.Esc. Pablo Aguirre Legalizado por el Colegio de Escribanos de la Ciudad de Buenos Aires""",Mudanza,
"""MUDANZAS CÓNDOR S.R.L. – CUIT: 30-71234567-9 CONSTANCIA DE SERVICIO DE MUDANZA Por medio del presente certificamos que el día 3 de mayo de 2025, se realizó el servicio de mudanza para la Sra. Débora I. Rodríguez, DNI 30.765.432, desde su domicilio anterior en Belgrano 889, 1°A, Morón, hacia su nueva residencia en Gral. Paz 1450, Dpto. 3C, La Plata. La prestación del servicio fue realizada en horario completo, con carga y descarga en ambos domicilios. Encargado de Logística""",Mudanza,
"""contrato de alquiler n° 456/2024 - locador: martín lópez (dni 28.345.678) - locatario: julieta gómez (dni 32.456.789) - inmueble: av. corrientes 1234, piso 3 'a', caba - plazo: 24 meses - inicio: 01/11/2024 - monto: $250.000/mes (ajuste por icl trimestral) - garantía: depósito equivalente a un mes + garantía propietaria - cláusulas: prohibido subalquiler, mantenimiento a cargo del locatario - firmado: 15/10/2024 - escribano: dr. carlos sánchez rpcba n° 567890""",Mudanza,
"""notificación de mudanza - notaría n° 15, caba - locatario: carlos alberto gómez (dni 29.901.234) - propietario: sra. marta rodríguez (dni 27.012.345) - inmueble: av. santa fe 789, caba - fecha de desocupación: 30/11/2024 - conformidad con art. 5 ley 27.551 (plazo de 30 días de notificación) - estado del inmueble: pintura y limpieza general - testigos: luis pérez (dni 30.123.456) y florencia sosa (dni 32.234.567) """,Mudanza,
"""boleto de compraventa - vendedor: roberto carlos sosa (dni 25.678.901) - comprador: ana maría díaz (dni 33.789.012) - inmueble: san martín 789, lanús - precio: u$d 150.000 (10% seña al firmar) - plazo para escrituración: 60 días - escribano interviniente: dra. maría inés gómez (matrícula 23.456) - registro: rpba n° 112233 - firma: 20/10/2024 - cláusula penal: 20% por incumplimiento""",Mudanza,
" Poder Judicial de la Provincia de Buenos Aires – Fecha de citación: 10/04/2025 – Hora: 08:30 – Expediente: JPP-6543/2025 –
Ciudadano citado: González, Pablo Andrés (DNI 28.445.998) – Motivo: Citación obligatoria en carácter de jurado titular en juicio oral por jurados, en cumplimiento de lo dispuesto por la Ley 14.543 –
Sede: Tribunal en lo Criminal N.º 3 de La Plata – Calle 55 N.º 789, entre 9 y 10 – Juez a cargo: Dra. Mónica L. Figueroa –""",Obligacion_publica,
"""Juzgado Nacional en lo Criminal y Correccional N.º 21 – Fecha de audiencia: 12/12/2024 – Hora: 09:00 – Expediente: C-12458/2023 –
Ciudadano citado: Ramírez, Cecilia Noemí (DNI 31.220.567) – Motivo: Citación obligatoria en carácter de testigo en causa penal caratulada Gutiérrez, Marcelo s/ Robo agravado –
Sede: Talcahuano 550, CABA – Juez a cargo: Dr. Esteban Di Lorenzo """,Obligacion_publica,
"""Acta de comparecencia n.º 1780-2025 – Defensoría del Pueblo de la Nación –
Fecha: 04/03/2025 – Hora: 11:15 – Expediente: DP/3254/2024 –
Ciudadano citado: López, Carolina Andrea (DNI 32.556.122) –
Motivo: Audiencia obligatoria en el marco del procedimiento de reclamo administrativo por prestación suspendida –
Área: Coordinación de Servicios Públicos – Unidad de Atención al Usuario –
Funcionario interviniente: Lic. Hernán Aguirre –
""",Obligacion_publica,
"""Acta de notificación  – Junta Electoral Nacional – Distrito Córdoba –
Fecha de notificación: 20/06/2025 – Hora: 10:00 – Expediente: JEN-CBA-2025/776 –
Ciudadano designado: Peralta, Diego Martín (DNI 26.789.334) –
Motivo: Designación obligatoria como Presidente de Mesa N.º 1052, Escuela Secundaria Manuel Belgrano, Elecciones Generales 2025 –
Domicilio del establecimiento: Av. Colón 1345, Córdoba Capital –
Funcionario interviniente: Dra. Laura R. Bianchi – Secretaria Electoral –""",Obligacion_publica,
"""Acta de citación  Administración Federal de Ingresos Públicos (AFIP) –
Fecha: 02/10/2024 – Hora: 09:30 – Expediente: AFIP-DGI-EXP.5421/2024 –
Contribuyente citado: Benítez, Laura Marcela (DNI 30.112.456) –
Motivo: Citación obligatoria a entrevista personal en el marco de fiscalización impositiva anual –
Dependencia: AFIP – Agencia Nº 21 – Av. Corrientes 857, CABA –
Inspector actuante: Cdor. Pablo Herrera""",Obligacion_publica,
"""Convocatoria a declaracion jurada AFIP administración federal de ingresos públicos (afip) - requerimiento n° 3344/2024 - contribuyente: comercio electrónico s.r.l. (cuit 30-12345678-9) - presentar declaración jurada de iva período 09/2024 antes del 20/10/2024 - multa por mora: 1% diario (art. 45 ley 11.683) - canal de presentación: web afip con clave fiscal - responsable: contador pablo méndez""",Obligacion_publica,
"""De acuerdo con el Convenio Colectivo de Trabajo 130/75, se notifica que el Sr. Juan Pérez, DNI 35.123.456, ha sido citado a la reunión gremial ordinaria semanal del Sindicato de Empleados de Comercio, que se llevará a cabo el día lunes 13 de mayo de 2025 a las 10:00 horas en la sede gremial, ubicada en Calle Comercio 123, Ciudad Autónoma de Buenos Aires. La reunión se desarrollará dentro del horario laboral, conforme a lo estipulado en el artículo correspondiente del convenio.  Secretario General, Marta González.""",Reunion_gremial,
"""Se informa que la Sra. María López, DNI 38.654.321, está convocada a participar en la reunión gremial ordinaria semanal, organizada bajo las disposiciones del Convenio Colectivo de Trabajo 130/75. La misma se llevará a cabo el día miércoles 15 de mayo de 2025 a las 09:00 horas en el auditorio del Sindicato de Comercio, ubicado en Av. Gremial 456, Ciudad Autónoma de Buenos Aires. Delegado Gremial, Ricardo Fernández.""",Reunion_gremial,
"""Por medio de la presente, y en cumplimiento del Convenio Colectivo de Trabajo 130/75, se notifica que el Sr. Carlos Gómez, DNI 25.987.654, deberá asistir a la reunión gremial ordinaria semanal convocada para el día viernes 17 de mayo de 2025 a las 14:00 horas en el salón principal del Sindicato de Comercio: Representante Sindical, Ana Torres.""",Reunion_gremial,
"""El presente certificado acredita que la Sra. Laura Martínez, DNI 31.456.789, ha sido convocada a la reunión gremial ordinaria semanal, que tendrá lugar el día lunes 20 de mayo de 2025 a las 08:00 horas en las instalaciones de la sede gremial, en cumplimiento de lo estipulado en el artículo del Convenio Colectivo de Trabajo 130/75. Secretaria Gremial, Hugo Ramírez""",Reunion_gremial,
"""Por la presente, se deja constancia de que el Sr. Pedro Herrera, DNI 29.876.543, ha sido notificado para asistir a la reunión gremial ordinaria semanal, que se llevará a cabo el día viernes 24 de mayo de 2025 a las 09:00 horas en el auditorio del Sindicato de Comercio, en cumplimiento de lo previsto en el Convenio Colectivo de Trabajo 130/75.  Representante Gremial, Martín Villalba.""",Reunion_gremial,
"""citar a reunión gremial - sindicato de empleados de comercio (sec) - delegado/a: maría laura gómez (legajo 12345) - fecha: 15/10/2024 - hora: 14:00 - lugar: salón sindical (av. rivadavia 1234, caba) - orden del día: 1) análisis de paritarias 2024, 2) condiciones de higiene en sucursales, 3) elección de nueva comisión interna - conforme al art. 41 del cct 130/75 - presentarse con credencial gremial -  juan pérez (secretario general sec seccional caba) """,Representante_gremial,
"""convocatoria urgente - sindicato de empleados de comercio - delegado/a: carlos alberto rodríguez (legajo 67890) - fecha: 18/10/2024 - hora: 10:00 - lugar: sede gremial (mitre 567, rosario) - motivo: tratamiento de despidos injustificados en cadena de supermercados 'la económica' - eximir presentación laboral según art. 42 ley 23.551 -ana fernández (secretaria de conflictos sec rosario) """,Representante_gremial,
"""pre-asamblea informativa - sindicato de empleados de comercio - delegado/a: lucía mónica lópez (legajo 34567) - fecha: 20/10/2024 - hora: 16:30 - lugar: auditorio sindical (belgrano 789, córdoba) - tema: presentación de pliego paritario 2024 y estrategias de negociación - obligatoriedad: todos los afiliados según estatuto gremial - roberto giménez (secretario adjunto sec córdoba) """,Representante_gremial,
"""convocatoria a reunión extraordinaria - sindicato de empleados de comercio - delegado/a: diego martín sosa (legajo 89012) - fecha: 22/10/2024 - hora: 11:00 - lugar: subsede gremial (san martín 456, mendoza) - motivo: denuncia por incumplimiento de pagos de horas extras en empresa 'comercial andina s.a.' - fundamento legal: art. 65 cct 130/75  florencia díaz (delegada general sec mendoza) -""",Representante_gremial,
"""citación a jornada de capacitación gremial - sindicato de empleados de comercio - delegado/a: pablo alejandro méndez (legajo 45678) - fecha: 25/10/2024 - hora: 09:00 a 13:00 - lugar: centro de formación gremial (urquiza 1010, la plata) - tema: actualización en derechos laborales y seguridad social - certificado con validez para justificar inasistencia laboral -  susana romero (directora de formación sec provincia) """,Representante_gremial,
"""Se informa a los empleados que, por razones de urgencia, se convoca a una reunión gremial extraordinaria a realizarse el día 10 de mayo de 2025, a las 11:30 horas, en el comedor del establecimiento. La presencia de todos los trabajadores es requerida de manera inmediata.Delegado Gremial.""",Reunion_ext,
"""Se comunica a los empleados que se llevará a cabo una reunión gremial extraordinaria el día 15 de junio de 2025, a las 14:00 horas, en la sala de reuniones de planta baja, debido a una emergencia que requiere tratamiento inmediato. Se solicita su asistencia puntual. Representante Sindical.""",Reunion_ext,
"""Por motivos de fuerza mayor, se cita a todos los trabajadores a una reunión gremial extraordinaria a realizarse el día 22 de abril de 2025, a las 09:30 horas, en el salón principal. Su participación es de carácter urgente.Oficial Gremial.""",Reunion_ext,
"""Se convoca a los empleados a una reunión gremial extraordinaria para tratar asuntos urgentes el día 5 de julio de 2025, a las 13:15 horas, en el área administrativa. Se requiere su asistencia de forma inmediata. Delegado del Sindicato.""",Reunion_ext,
"""Por cuestiones de emergencia, se llama a todos los trabajadores a una reunión gremial extraordinaria el día 3 de marzo de 2025, a las 10:45 horas, en la oficina del segundo piso. Se solicita la presencia de todos los empleados sin excepción. Encargado Gremial.""",Reunion_ext,
"""Consultorio Médico Dr. Ricardo Pérez - Fecha: 12/05/2024 - Paciente: María Rodríguez - DNI 32.876.543 - Edad: 40 años - Diagnóstico: Sinusitis aguda- Síntomas: Congestión nasal, cefalea, fiebre de 37.8°C - Tratamiento: Reposo domiciliario, amoxicilina 500mg cada 12 horas durante 7 días - Incapacidad Laboral: 5 días (del 12/05/2024 al 16/05/2024) - Control: Reevaluación el 17/05/2024 ",Enfermedad,
"""Clínica San Rafael - Dra. Valeria Martínez - Fecha: 20/10/2024 - Paciente: Luis Gómez - DNI 29.123.456 - Edad: 29 años - Diagnóstico: Lumbalgia aguda (CIE-10: M54.5) - Síntomas: Dolor lumbar, limitación funcional moderada - Tratamiento: Reposo relativo, fisioterapia, ibuprofeno 400mg cada 8 horas - Incapacidad Laboral: 7 días (del 20/10/2024 al 26/10/2024) - Control: Reevaluación el 27/10/2024 ",Enfermedad,
"""Consultorio Médico Dr. Santiago Ruiz - 08/09/2024 - Paciente: Ana María Torres - DNI 34.765.432 - Edad: 37 años - Diagnóstico: Migraña crónica con crisis aguda  Síntomas: Cefalea intensa unilateral, fotofobia, náuseas - Tratamiento: Reposo absoluto, sumatriptán 50mg al inicio del dolor, control del estrés - Incapacidad Laboral: 3 días (del 08/09/2024 al 10/09/2024) - Control: Reevaluación el 11/09/2024 ",Enfermedad,
"""Paciente: María Fernández DNI 30.654.321. Diagnóstico: cefalea tensional. Descanso por 1 día. Consulta nuevamente si el dolor persiste. Dra. García """,Enfermedad,
"""Paciente: Pedro Gómez DNI 29.876.543. Dolor cervical agudo. Reposo indicado por 5 días. Control sugerido en caso de no mejorar. Dr. Torres """,Enfermedad,
"""Hospital Central de Hemoterapia Fecha: 19 de octubre de 2024 Certifico que la Sra. Camila Rodríguez, DNI 22.345.678, realizó una donación voluntaria de sangre en esta institución el 18 de octubre de 2024. . Dra. Mariana Torres Hospital Central de Hemoterapia .""",Donacion_sangre,
"""Clínica de Donación Solidaria Fecha: 20 de octubre de 2024 Certifico que el Sr. Diego Martínez, DNI 24.567.890, efectuó una donación de sangre el 19 de octubre de 2024 en nuestra clínica. Según el artículo 82° del Convenio Colectivo de Trabajo de Comercio, el Sr. Martínez puede gozar de un día de licencia laboral por dicha donación. Firma: Lic. Andrea Gómez Matrícula: 9876543 Sello de la Clínica: Clínica de Donación Solidaria - Tel. 4723-5678.""",Donacion_sangre,
"""Centro de Hemoterapia Buenos Aires Fecha: 22 de octubre de 2024 Se certifica que el Sr. Lucas Gómez, DNI 26.789.012, concurrió a donar sangre en nuestra unidad el 21 de octubre de 2024.  Dra. Claudia Rodríguez Matrícula: 3217890 Centro de Hemoterapia Buenos Aires .""",Donacion_sangre,
"""Instituto Nacional de Donación Fecha: 23 de octubre de 2024  que la Sra. Natalia Ruiz, DNI 27.890.123, realizó una donación de sangre en este instituto el 22 de octubre de 2024.  Dr. Fernando López  Instituto Nacional de Donación """,Donacion_sangre,
"""Banco de Sangre Vida y Esperanza Fecha: 21 de octubre de 2024  la Sra. Florencia Pérez, DNI 25.678.901, realizó una donación de sangre el día 20 de octubre de 2024 en nuestra institución. Dr. Nicolás Fernández Matrícula: Banco de Sangre Vida y Esperanza .""",Donacion_sangre,
"""Se informa que se llevará a cabo una reunión gremial extraordinaria el día 8 de febrero de 2025, a las 16:00 horas, en la sala de conferencias, debido a la necesidad de abordar un tema urgente. Se ruega su asistencia inmediata. Representante del Personal.""",Reunion_ext,
"""Se cita a los empleados a una reunión gremial extraordinaria con carácter de urgencia, a realizarse el día 12 de agosto de 2025, a las 08:00 horas, en el hall central. Se solicita la asistencia de todos los trabajadores de manera inmediata. Responsable Sindical.""",Reunion_ext,
"""Por una situación de emergencia gremial, se convoca a una reunión extraordinaria el día 19 de septiembre de 2025, a las 17:30 horas, en el patio interno. La presencia de todos los empleados es indispensable.Delegado de Personal.""",Reunion_ext,
"""Se comunica que se realizará una reunión gremial extraordinaria el día 27 de noviembre de 2025, a las 12:00 horas, en la sala de descanso, con motivo de tratar un asunto urgente. Se solicita la presencia inmediata de todos los trabajadores.Encargado del Sindicato.""",Reunion_ext,
"""Se informa a los empleados que se realizará una reunión gremial extraordinaria con carácter urgente el día 4 de octubre de 2025, a las 15:00 horas, en el salón de usos múltiples. Su asistencia es requerida de forma inmediata. Delegado Gremial.""",Reunion_ext,
"""Citar a reunión gremial - Sindicato de Empleados de Comercio - Delegado/a: Juan Pablo Díaz (Legajo 11223) - Fecha: 17/10/2024 - Hora: 15:30 - Lugar: Salón de Reuniones (Av. Belgrano 456, Tucumán) - Orden del día: 1) Revisión de beneficios sociales, 2) Ajustes en la jornada laboral, 3) Designación de delegados suplentes - Conforme al Art. 41 del CCT 130/75 - Presentarse con credencial gremial - Firma: Marta López (Secretaria General SEC Tucumán) """,Reunion_gremial,
"""Convocatoria urgente - Sindicato de Empleados de Comercio - Delegado/a: Esteban Martínez (Legajo 56732) - Fecha: 19/10/2024 - Hora: 09:00 - Lugar: Sede Sindical (San Juan 234, San Luis) - Motivo: Discusión sobre conflictos laborales en cadena de farmacias 'Vida Plena' - Eximir presentación laboral según Art. 42 Ley 23.551 Laura Gutiérrez (Secretaria de Conflictos SEC San Luis) """,Reunion_gremial,
"""Pre-asamblea informativa - Sindicato de Empleados de Comercio - Delegado/a: María Soledad Torres (Legajo 12367) - Fecha: 21/10/2024 - Hora: 17:00 - Lugar: Auditorio Gremial (San Martín 890, Jujuy) - Tema: Debate sobre escalas salariales 2024 y revisión de condiciones de contratación - Obligatoriedad: Todos los afiliados según estatuto gremial Alberto Fernández (Secretario Adjunto SEC Jujuy)""",Reunion_gremial,
"""Convocatoria a reunión extraordinaria - Sindicato de Empleados de Comercio - Delegado/a: Luciana Fernández - Fecha: 23/10/2024 - Hora: 10:30 - Lugar: Subsede Sindical (Av. Roca 321, Salta) - Motivo: Análisis de casos de discriminación laboral en empresa 'Logística del Norte S.A.' - Fundamento legal: Art. 65 CCT 130/75 - Fernando Martínez (Delegado General SEC Salta) """,Reunion_gremial,
"""Citación a jornada de capacitación gremial - Sindicato de Empleados de Comercio - Delegado/a: Sebastián Ruiz  - Fecha: 27/10/2024 - Hora: 09:00 a 12:30 - Lugar: Centro de Formación Gremial (Calle San Martín 789, Bariloche) - Tema: Introducción a la Ley de Contrato de Trabajo y análisis de jurisprudencia reciente : Ana Morales (Directora de Formación SEC Río Negro) """,Reunion_gremial,
""" citación n.º 1350-2025 – Poder Judicial de la Provincia de Córdoba – Fecha de citación: 15/05/2025 – Hora: 09:00 – Expediente: JPC-8794/2025 – Ciudadano citado: Martínez, Laura Elena (DNI 29.567.891) – Motivo: Citación obligatoria en carácter de testigo en juicio oral por daño y perjuicio, según Ley 25.488 – Sede: Tribunal en lo Civil y Comercial N.º 5 de Córdoba – Calle Independencia 543, Córdoba Capital – Juez a cargo: Dr. Eduardo R. Ponce –""",Obligacion_publica,
"""audiencia n.º 2450-2025 – Juzgado Nacional en lo Contencioso Administrativo Federal N.º 8 – Fecha de audiencia: 22/06/2025 – Hora: 10:30 – Expediente: CAF-15349/2024 – Ciudadano citado: Ruiz, Sergio Matías (DNI 33.456.789) – Motivo: Citación en carácter de parte demandada en causa por incumplimiento contractual, caratulada Empresa Transportes del Sur c/ Ruiz, Sergio M. – Sede: Av. De Mayo 760, CABA – Juez a cargo: Dra. Ana Belén Alvarado –""",Obligacion_publica,
""" Junta Electoral Nacional – Distrito Santa Fe – Fecha de notificación: 12/08/2025 – Hora: 09:15 – Ciudadano designado: Gutiérrez, Florencia Natalia (DNI 34.567.123) – Motivo: Designación obligatoria como Suplente de Presidente de Mesa N.º 2035, Escuela Normal Nº 1, Elecciones Generales 2025 – Domicilio del establecimiento: Bv. Gálvez 2345, Santa Fe Capital – Funcionario interviniente: Lic. Adriana R. Castro – Secretaria Electoral ""

",Obligacion_publica,
"""La Administración Federal de Ingresos Públicos (AFIP), a través del requerimiento , solicita a Servicios Integrales del Sur S.A. (CUIT 30-98765432-1) presentar la declaración jurada de Ganancias correspondiente al período 2024 antes del 31 de mayo de 2025, bajo pena de una multa por mora del 2% mensual según lo establecido en el Artículo 45 de la Ley 11.683; la presentación debe realizarse mediante el portal web de AFIP utilizando clave fiscal, y para mayor información se encuentra disponible, siendo la responsable de este requerimiento la Contadora Ana Gutiérrez,.""",Obligacion_publica,
"""comparecencia – Defensoría del Pueblo de la Provincia de Mendoza – Fecha: 10/07/2025 – Hora: 14:45  – Ciudadano citado: Pérez, Mariana Alejandra (DNI 27.345.672) – Motivo: Audiencia obligatoria para resolución de queja por servicios públicos de agua – Área: Dirección de Mediación Ciudadana – Unidad de Servicios Básicos – Funcionario interviniente: Dr. Mario Suárez""

",Obligacion_publica,
"""El Registro Nacional de las Personas certifica que la Sra. Romina Beatriz Ledesma, DNI 31.234.567, realizó el cambio de domicilio en su Documento Nacional de Identidad el 18 de marzo de 2025, indicando como nueva dirección Calle 25 de Mayo 1432, 2° B, San Miguel, Buenos Aires; este documento se emite para fines legales y administrativos. . Marta López, Oficial del Registro. """,Mudanza,
"""Entre el Sr. Federico L. Martínez, DNI 29.876.543, y el Sr. Carlos J. Gómez, DNI 25.432.198, se formaliza contrato de locación por el inmueble ubicado en Av. Corrientes 2718, CABA, con fecha de inicio el 1 de abril de 2025 y duración de 24 meses; el inquilino declara su traslado efectivo para el 30 de marzo de 2025, destinando la vivienda como domicilio permanente.Dr. Luis Peraltae inmobiliaria: LP Propiedades.""",Mudanza,
"""En la Escribanía N° 421 de CABA se mediante  Escritura N° 0145/2025 que el Sr. Iván Gabriel Rossi, DNI 28.765.432, adquirió el 12 de marzo de 2025 la propiedad ubicada en Pasaje Mármol 742, Lanús Este, Buenos Aires; la posesión fue entregada el 15 de marzo de 2025 y el comprador notificó su traslado inmediato. Esc. Pablo Aguirre, legalizado por el Colegio de Escribanos de la Ciudad de Buenos Aires.""",Mudanza,
"""Mudanzas Cóndor., CUIT 30-71234567-9, certifica haber realizado el servicio de mudanza para la Sra. Débora I. Rodríguez, DNI 30.765.432, el día 3 de mayo de 2025, desde Belgrano 889, 1°A, Morón, hacia Gral. Paz 1450, Dpto. 3C, La Plata, con todas las tareas de carga y descarga completas en ambos domicilios. Esteban López, Encargado de Logística, .""",Mudanza,
"""Se celebra el Contrato de Alquiler N° 456/2024 entre Martín López (DNI 28.345.678) como locador y Julieta Gómez (DNI 32.456.789) como locataria, por el inmueble en Av. Corrientes 1234, Piso 3 'A', CABA, con vigencia desde el 1 de noviembre de 2024 y plazo de 24 meses; se estipula un alquiler inicial de $250.000/mes con ajuste trimestral según ICL y condiciones de garantía que incluyen depósito equivalente a un mes y garantía propietaria. el 15 de octubre de 2024 ante el Dr. Carlos Sánchez, Registro RPCBA N° 567890.""",Mudanza,
"""Por medio del presente, certifico que el paciente Luis Torres, DNI 34.567.890, necesita asistencia diaria de un familiar debido a una condición médica que limita su capacidad para realizar actividades básicas de manera independiente. Este documento tiene validez por 30 días a partir de la fecha. Dra. Carolina Pérez, ",Asistencia_familiar,
"""Certifico que la Sra. Andrea López, DNI 37.123.456, ha sido intervenida quirúrgicamente y requiere acompañamiento constante durante su período de recuperación, estimado en 25 días. Se sugiere que un familiar directo colabore con sus cuidados básicos. Firma y sello: Dr. Nicolás García, Matrícula N° 56789.""",Asistencia_familiar,
"""Se deja constancia de que el Sr. Daniel Ramírez, DNI 26.876.543, presenta una patología crónica que demanda supervisión diaria por parte de un familiar, incluyendo apoyo en su movilidad, administración de medicamentos y tareas del hogar. Este certificado tiene una validez de 60 días y está sujeto a revisión médica. Dra. Laura Fernández""",Asistencia_familiar,
"""la menor Camila Sánchez, DNI 46.234.789, ha sido diagnosticada con una enfermedad viral que requiere aislamiento domiciliario y la asistencia constante de uno de sus tutores legales. El período de recuperación estimado es de 12 días.  Dr. Eduardo Torres.""",Asistencia_familiar,
"""Por medio de la presente, se certifica que la Sra. Paula González, DNI 32.987.654, necesita asistencia urgente de un familiar debido a una dolencia que afecta significativamente su autonomía. La duración del soporte requerido será evaluada nuevamente en un plazo de 10 días. Firma y sello: Dr. Martín Álvarez, Matrícula N° 55689.""",Asistencia_familiar,
"""El Registro Civil de la Ciudad de Rosario confirma el código de turno RC-123987 para casamiento, asignado para el 22 de junio de 2025 a las 9:30 AM en la sede de la Comuna 5, ubicada en Calle San Martín 789, Rosario. Los contrayentes son Pedro Gómez, DNI 30.456.789, y Laura Rodríguez, DNI 32.123.456. Este turno debe ser confirmado al menos 48 horas antes, y es necesario presentarse con dos testigos mayores de edad que lleven DNI.""",Tramite_prematrimonial,
"""El Registro Civil de la Ciudad Autónoma de Buenos Aires informa que el turno 987654321 para matrimonio está programado para el 10 de julio de 2025 a las 14:00 PM en la sede de la Comuna 1, ubicada en Calle Libertador 456, Ciudad Autónoma de Buenos Aires. Los contrayentes son Alejandro López, DNI 29.876.543, y Patricia Martínez, DNI 31.234.567. Presentarse con DNI original y copia, además del certificado de nacimiento actualizado.""",Tramite_prematrimonial,
"""Certificado de requisitos prematrimoniales n.º 1234/2025 - Registro Civil de Córdoba - Fecha: 15/05/2025 - Libro: TPM-3 - Folio: 22 - Solicitantes: Fernández, Juan Carlos (DNI 29.876.543) y Pérez, Mariana Sol (DNI 30.987.654) - Revisión completa de documentación: DNI, actas actualizadas y certificados médicos según normativa provincial. Ambas partes participaron en entrevista individual validando consentimiento libre. No se hallaron objeciones legales. Matrimonio autorizado para el 05/06/2025. - Oficial: Lic. Raquel López""",Tramite_prematrimonial,
"""matrimonio civil n.º 2345-2024 - Registro Civil de la Ciudad de Buenos Aires - Fecha: 05/11/2024 - Libro: 10A - Folio: 45 - Contrayentes: López, Felipe Antonio (DNI 30.234.567) y Fernández, María Isabel (DNI 29.876.543) - Testigos: García, Raúl (DNI 26.567.890) y Pérez, Luciana (DNI 28.654.321) - Oficial: Dr. Jorge Martínez - Juez de Paz ",Casamiento,
""" matrimonio civil n.º 5678-2024 - Registro Civil de La Plata - Fecha: 12/11/2024 - Libro: 3B - Folio: 12 - Contrayentes: García, Andrés Javier (DNI 27.123.456) y Pérez, Valeria Soledad (DNI 30.234.567) - Testigos: Rodríguez, Beatriz (DNI 29.876.543) y Romero, José Luis (DNI 28.765.432) - Oficial: Dra. Marta Rodríguez - Jueza de Paz """,Casamiento,
""" Registro Civil de Rosario - Fecha: 18/11/2024 - Libro: 14 - Folio: 90 - Contrayentes: González, Pablo Martín (DNI 31.234.567) y Sánchez, Carla Liliana (DNI 32.345.678) - Testigos: Fernández, Esteban (DNI 30.123.456) y Rodríguez, Marta (DNI 33.456.789) - Oficial: Dr. Luis Gómez - Juez de Paz """,Casamiento,
""" Registro Civil de la Ciudad de Buenos Aires - Fecha: 19/11/2024 - Libro: 7B - Folio: 23 - Contrayentes: Ramírez, Lucía Belén (DNI 31.123.456) y Torres, Esteban Javier (DNI 29.654.321) - Testigos: Ríos, Natalia (DNI 26.789.012) y Acosta, Marcos (DNI 28.890.123) - Oficial: Dra. Verónica Pérez - Jueza de Paz """,Casamiento,
"""PROVINCIA DE CÓRDOBA REGISTRO CIVIL DE VILLA MARÍA ACTA DE NACIMIENTO N° 456/2024 INSCRIPCIÓN N° 789 FECHA DE REGISTRO: 20/05/2024 LIBRO 5A FOLIO 12 APELLIDO Y NOMBRES: GARCÍA MARTÍN ALEJANDRO SEXO: MASCULINO FECHA DE NACIMIENTO: 17/05/2024 HORA: 10:15 LUGAR: HOSPITAL MUNICIPAL VILLA MARÍA PADRE: GARCÍA JAVIER DNI 30.234.567 MADRE: RIVERA CLAUDIA DNI 32.345.678 TESTIGO 1: MENDOZA EDUARDO DNI 24.567.890 TESTIGO 2: RAMOS CECILIA DNI 26.678.901 FIRMA DEL ENCARGADO: DR. SANTIAGO LÓPEZ""",Nacimiento,
"""REPÚBLICA ARGENTINA PROVINCIA DE MENDOZA REGISTRO CIVIL DE GUAYMALLÉN ACTA DE NACIMIENTO N° 1234-2024 INSCRIPCIÓN TARDÍA N° 567 FECHA DE TRAMITE: 03/07/2024 LIBRO 8 FOLIO 65 APELLIDO Y NOMBRES: RIVERA JOSÉ LUIS SEXO: MASCULINO FECHA DE NACIMIENTO: 17/04/2020 LUGAR: DOMICILIO PARTICULAR CALLE SAN JUAN 456 PADRE: RIVERA ENRIQUE DNI 28.123.456 MADRE: GÓMEZ CECILIA DNI 30.234.567 DECLARACIÓN JURADA PRESENTADA EL 02/07/2024 POR: DR. JUAN PÉREZ ",Nacimiento,
"""REPÚBLICA ARGENTINA PROVINCIA DE SANTA FE REGISTRO CIVIL ROSARIO ACTA DE NACIMIENTO N° 9876-2024 INSCRIPCIÓN N° 234 FECHA DE REGISTRO: 22/06/2024 LIBRO 6B FOLIO 145 APELLIDO Y NOMBRES: ÁLVAREZ LILIANA BEATRIZ SEXO: FEMENINO FECHA DE NACIMIENTO: 05/06/2024 : 12:10 LUGAR: HOSPITAL PROVINCIAL ROSARIO PADRE: ÁLVAREZ EDUARDO DNI 30.765.432 MADRE: MARTÍNEZ VERÓNICA DNI 31.876.543 TESTIGO 1: GÓMEZ ADRIÁN DNI 25.123.456 TESTIGO 2: FERRARI SILVIA DNI 27.234.567 FIRMA DEL OFICIAL: DR. JULIO VÁSQUEZ""",Nacimiento,
"""REPÚBLICA ARGENTINA PROVINCIA DE TUCUMÁN REGISTRO CIVIL CAPITAL ACTA DE NACIMIENTO N° 2345-2024 INSCRIPCIÓN N° 890 FECHA DE REGISTRO: 15/08/2024 LIBRO 2C FOLIO 23 APELLIDO Y NOMBRES: MENDOZA FRANCISCO JAVIER SEXO: MASCULINO FECHA DE NACIMIENTO: 07/08/2024 HORA: 16:45 LUGAR: CLÍNICA TUCUMÁN PADRE: MENDOZA CARLOS DNI 31.123.456 MADRE: VÁSQUEZ ESTELA DNI 33.234.567 TRÁMITE EXPRESS RESOLUCIÓN 567/2024 FIRMADO POR: DRA. MARINA RÍOS """,Nacimiento,
""" REGISTRO CIVIL DE LA PLATA ACTA DE NACIMIENTO N° 6574-2024 INSCRIPCIÓN N° 1234 FECHA DE REGISTRO: 11/09/2024 LIBRO 4A FOLIO 78 APELLIDO Y NOMBRES: PÉREZ ANDREA MARÍA SEXO: FEMENINO FECHA DE NACIMIENTO: 02/09/2024 HORA: 09:30 LUGAR: HOSPITAL DE LA PLATA PADRE: PÉREZ EDUARDO DNI 30.987.654 MADRE: LÓPEZ MARGARITA DNI 32.345.678 TESTIGO 1: MARTÍNEZ LUCIANO DNI 25.234.567 TESTIGO 2: GARCÍA CLAUDIA DNI 27.345.678 FIRMA DEL ENCARGADO: DR. JOSÉ RAMÍREZ""",Nacimiento,
"""Hospital Argerich, registro número 4567 del 2024. La paciente María Laura Gómez, DNI 32.456.789, de 28 años, se encuentra embarazada con fecha de última menstruación el 15/05/2024 y fecha probable de parto el 22/02/2025. Actualmente cursa 12 semanas de gestación con control prenatal normal. por el Dr. Luis Fernández, matrícula 123.456.""",Maternidad,
"""La Clínica Privada Santa Isabel, documento número 7890 del 2024, certifica que la paciente Carla Daniela Martínez, DNI 30.987.654, de 31 años, tiene una fecha probable de parto el 10/03/2025 y se encuentra en la semana 20 de gestación. Se indica licencia prenatal a partir del 10/02/2025 (8 semanas previas al parto), según normativa laboral vigente. Diagnóstico: embarazo único sin complicaciones.  por la Dra. Ana López""",Maternidad,
"""El Servicio de Obstetricia del Hospital Italiano de Buenos Aires certifica que la paciente Laura Beatriz Sosa, DNI 33.456.789, de 30 años, se encuentra en la semana 28 de gestación, con fecha probable de parto estimada para el 15/11/2024. Los controles prenatales muestran evolución normal sin complicaciones. Se recomienda iniciar licencia laboral a partir del 01/10/2024 (45 días previos al parto).  Dra. Carla Méndez.""",Maternidad,
"""La Clínica Privada Madre y Niño, registro número 5566/2024, informa que la paciente Valeria Romina López, DNI 34.567.890, de 32 años, espera gemelos con fecha probable de parto el 10/12/2024. Por tratarse de un embarazo múltiple, se autoriza licencia prenatal extendida desde el 25/10/2024 (6 semanas adicionales según Ley 20.744). Control ecográfico normal. Dr. Martín Greco,""",Maternidad,
"""Certificado Medico por embarazo: Certifico que la Sra. Gomez de 25 años DNI N° 32456765 se encuentra embarazada de 14 semanas de gestacion, con fecha probable de parto para el 4 de mayo de 2025. FUM: el 2 de febrero de 2025 Para ser presentado en el Colegio Odontologico de la Provincia de Cordoba.""",Maternidad,
"""Hospital Nacional Prof. Dr. Alejandro Posadas la paciente María Soledad González, DNI 32.456.789, concurrió a control prenatal el 15/08/2024 en el Servicio de Obstetricia. Se realizó control clínico, ecografía obstétrica y laboratorio. Próximo control: 15/09/2024.Dra. Laura Fernández """,Control_prenatal,
"""Hospital Italiano de Buenos Aires - Servicio de Tocoginecología constata que la paciente Carla Daniela López, DNI 30.987.654, asistió a control prenatal el 10/08/2024 (semana 24 de gestación). Fecha Probable de Parto: 10/11/2024. Se indicó suplementación con hierro y ácido fólico. Próxima visita: 07/09/2024. Dr. Juan Pérez""",Control_prenatal,
"""El Hospital General de Agudos Dr. Carlos G. Durand - División Obstetricia certifica control prenatal de alto riesgo de la paciente Ana Luz Martínez, DNI 28.765.432, el 05/08/2024. Diagnóstico: Diabetes Gestacional (estudio OGTT positivo). Se programó control multidisciplinario para el 20/08/2024. Dra. Sofía Ríos M""",Control_prenatal,
"""La Clínica Modelo de Morón, ubicada en Bartolomé Mitre 123, Morón, constata que la paciente Camila Valentina Castro, DNI 34.567.890, concurrió a control de embarazo el 14/08/2024 (semana 16). Se administró vacuna antigripal y se indicó suplementación con hierro. Fecha Probable de Parto: 15/01/2025. Próxima consulta: 11/09/2024 en el Consultorio 5. Dr. Pablo Ruiz""",Control_prenatal,
"""La Clínica y Maternidad Santa Isabel, ubicada en Av. Santa Fe 4567, CABA, certifica que la paciente Florencia Beatriz Rojas, DNI 33.456.789, asistió a control prenatal el 12/08/2024 en la semana 20 de gestación. Se realizó ecografía Doppler y perfil bioquímico completo, con resultados dentro de parámetros normales. Próximo control: 09/09/2024 con el Dr. Gustavo MéndezDra. Laura Torres """,Control_prenatal,
"""Clínica Privada San Camilo - Servicio de Traumatología Fecha: 15/08/2024 Paciente: Juan Carlos Giménez DNI 28.345.678 Edad: 32 años Empresa: Logística S.A. Legajo: 5678 Tipo de Accidente: Caída de altura (2 metros) desde plataforma de carga. Diagnóstico: Fractura cerrada de tibia y peroné derecho (CIE-10: S82.201A). Tratamiento Inmediato: Inmovilización yeso y analgesia. Se deriva al Hospital Argerich para intervención quirúrgica. Incapacidad Laboral: 60 días. Firma: Dr. Luis Moreno MP 123.456 ART Cubre: Sí (N° Póliza 78901234) Notificado a ART: 15/08/2024 14:30 hs""",Accidente_trabajo,
"""Hospital General de Agudos Dr. Teodoro Álvarez Extensión N° 789/2024 Fecha: 10/09/2024 Paciente: Carla Daniela Morales DNI 30.456.789 Edad: 29 años Empresa: Textiles Argentinos S.R.L. Legajo: 1234 Accidente: Quemadura térmica grado II en mano izquierda por contacto con vapor (CIE-10: T23.301). Control Evolutivo: Persiste limitación motriz y requerimiento de curaciones diarias. Incapacidad Extendida: 15 días adicionales (hasta 25/09/2024)Dra. Ana López ART: Seguros Rivadavia (N° Póliza 56789012) Estado: Trámite de rehabilitación kinésica aprobado""",Accidente_trabajo,
"""Centro Médico ART Proteger Certificado de Alta  20/09/2024 Paciente: Marcos Ezequiel Ruiz DNI 33.567.890 Edad: 40 años Empresa: Construcciones Norte S.A. Legajo: 8901 Accidente: Lesión lumbar por esfuerzo repetitivo (CIE-10: M54.5). Alta Médica: 20/09/2024 con secuelas (20% incapacidad permanente parcial). Indicaciones: Kinesiología 3 veces/semana por 3 meses. Reincorporación Laboral: Tareas livianas (sin carga de peso). Dr. Pablo Sosa Junta Médica: Resolución 456/2024""",Accidente_trabajo,
"""Clínica Privada Santa Isabel Certificado de Accidente Laboral N° 4567/2024 Fecha: 15/08/2024 Paciente: Carlos Alberto Méndez DNI 28.345.678 Edad: 38 años Empresa: Constructora Sudamericana S.A. Legajo: 12345 Tipo de Accidente: Caída de andamio a 3 metros de altura en obra de Av. Corrientes 1200, CABA Diagnóstico: Fractura de húmero izquierdo (CIE-10 S42.301) Tratamiento: Inmovilización yeso y cirugía programada Incapacidad Laboral: 45 días Notificación ART: Aseguradora del Trabajo (Póliza 33445566) el 15/08/2024 11:20 hs dr. Julio Navarro""",Accidente_trabajo,
"""Hospital Italiano de Buenos Aires  Enfermedad Profesional N° 7890/2024 Fecha: 20/08/2024 Paciente: Laura Beatriz Ríos DNI 32.456.789 Edad: 45 años Empresa: Metalúrgica Industrial S.R.L. Legajo: 6789 Antigüedad: 12 años Tipo: Hipoacusia bilateral por exposición a ruido (Listado SRT 6/2015) Diagnóstico: Pérdida auditiva de 40dB en frecuencias agudas (CIE-10 H91.3) Estudios: Audiometría del 10/08/2024 Incapacidad: Permanente parcial del 15% Reubicación Laboral: Exigida (área sin exposición a ruido) ART: Swiss Medical (Póliza 77889900) Trámite SRT: Iniciado el 18/08/2024 Dra. Ana López """,Accidente_trabajo,
"""Citar a reunión gremial - Sindicato de Empleados de Comercio (SEC) - Delegado/a: María Laura Gómez (legajo 12345) - Fecha: 15/10/2024 - Hora: 14:00 - Lugar: Salón Sindical (Av. Rivadavia 1234, CABA) - Orden del día: 1) Análisis de paritarias 2024, 2) Condiciones de higiene en sucursales, 3) Elección de nueva comisión interna - Conforme al Art. 41 del CCT 130/75 - Presentarse con credencial gremial - Firma: Juan Pérez (Secretario General SEC Seccional CABA) """,Representante_gremial,
"""Convocatoria urgente - Sindicato de Empleados de Comercio - Delegado/a: Carlos Alberto Rodríguez (legajo 67890) - Fecha: 18/10/2024 - Hora: 10:00 - Lugar: Sede Gremial (Mitre 567, Rosario) - Motivo: Tratamiento de despidos injustificados en cadena de supermercados 'La Económica' - Eximir presentación laboral según Art. 42 Ley 23.551 - Ana Fernández (Secretaria de Conflictos SEC Rosario) """,Representante_gremial,
"""Pre-asamblea informativa - Sindicato de Empleados de Comercio - Delegado/a: Lucía Mónica López (legajo 34567) - Fecha: 20/10/2024 - Hora: 16:30 - Lugar: Auditorio Sindical (Belgrano 789, Córdoba) - Tema: Presentación de pliego paritario 2024 y estrategias de negociación - Obligatoriedad: Todos los afiliados según estatuto gremial Roberto Giménez (Secretario Adjunto SEC Córdoba)""",Representante_gremial,
"""Convocatoria a reunión extraordinaria - Sindicato de Empleados de Comercio - Delegado/a: Diego Martín Sosa (legajo 89012) - Fecha: 22/10/2024 - Hora: 11:00 - Lugar: Subsede Gremial (San Martín 456, Mendoza) - Motivo: Denuncia por incumplimiento de pagos de horas extras en empresa 'Comercial Andina S.A.' - Fundamento legal: Art. 65 CCT 130/75 -Florencia Díaz (Delegada General SEC Mendoza) """,Representante_gremial,
"""Citación a jornada de capacitación gremial - Sindicato de Empleados de Comercio - Delegado/a: Pablo Alejandro Méndez (legajo 45678) - Fecha: 25/10/2024 - Hora: 09:00 a 13:00 - Lugar: Centro de Formación Gremial (Urquiza 1010, La Plata) - Tema: Actualización en derechos laborales y seguridad social - Certificado con validez para justificar inasistencia laboral - Susana Romero (Directora de Formación SEC Provincia)""",Representante_gremial,